emoji,meaning,weight
ğŸ˜„,A_smiley1,9
ğŸ˜ƒ,A_smiley2,9
ğŸ˜€,A_smiley3,9
ğŸ˜Š,A_smiley4,9
â˜ºï¸,A_blush,9
ğŸ˜‰,A_wink,9
ğŸ˜,A_loveeyes,9
ğŸ˜˜,A_kiss1,9
ğŸ˜š,A_kiss2,9
ğŸ˜—,A_kiss3,9
ğŸ˜™,A_kiss4,9
ğŸ˜œ,A_tongue1,9
ğŸ˜,A_tongue2,9
ğŸ˜›,A_tongue3,9
ğŸ˜³,A_embarassed,9
ğŸ˜,A_cheese,0
ğŸ˜”,A_sad1,-9
ğŸ˜Œ,A_sad2,-9
ğŸ˜’,A_sad3,-9
ğŸ˜,A_sad4,-9
ğŸ˜£,A_sad5,-9
ğŸ˜¢,A_sad6,-9
ğŸ˜‚,A_sad7,-9
ğŸ˜­,A_sad8,-9
ğŸ˜ª,A_sad9,-9
ğŸ˜¥,A_sad10,-9
ğŸ˜°,A_sad11,-9
ğŸ˜…,A_sad12,-9
ğŸ˜“,A_sad13,-9
ğŸ˜©,A_sad14,-9
ğŸ˜«,A_sad15,-9
ğŸ˜¨,A_worry1,-9
ğŸ˜±,A_worry2,-9
ğŸ˜ ,A_angry1,-9
ğŸ˜¡,A_angry2,-9
ğŸ˜¤,A_angry3,-9
ğŸ˜–,A_wince,0
ğŸ˜†,A_laugh,9
ğŸ˜‹,A_licklips,9
ğŸ˜·,A_respirator,0
ğŸ˜,A_sunglasses,9
ğŸ˜´,A_Zzz,0
ğŸ˜µ,A_dead1,-9
ğŸ˜²,A_dead2,-9
ğŸ˜Ÿ,A_worry1,-9
ğŸ˜¦,A_worry2,-9
ğŸ˜§,A_worry3,-9
ğŸ˜ˆ,A_devil1,-9
ğŸ‘¿,A_devil2,-9
ğŸ˜®,A_oh,0
ğŸ˜¬,A_cheese2,0
ğŸ˜,A_straight,0
ğŸ˜•,A_worry4,-9
ğŸ˜¯,A_oh2,0
ğŸ˜¶,A_nomouth,0
ğŸ˜‡,A_angel,0
ğŸ˜,A_smirk,0
ğŸ˜‘,A_straight2,0
ğŸ‘²,B_gua,0
ğŸ‘²ğŸ»,B_gua1,0
ğŸ‘²ğŸ¼,B_gua2,0
ğŸ‘²ğŸ½,B_gua3,0
ğŸ‘²ğŸ¾,B_gua4,0
ğŸ‘²ğŸ¿,B_gua5,0
ğŸ‘³,B_turbin,0
ğŸ‘³ğŸ»,B_turbin1,0
ğŸ‘³ğŸ¼,B_turbin2,0
ğŸ‘³ğŸ½,B_turbin3,0
ğŸ‘³ğŸ¾,B_turbin4,0
ğŸ‘³ğŸ¿,B_turbin5,0
ğŸ‘®,B_police,0
ğŸ‘®ğŸ»,B_police1,0
ğŸ‘®ğŸ¼,B_police2,0
ğŸ‘®ğŸ½,B_police3,0
ğŸ‘®ğŸ¾,B_police4,0
ğŸ‘®ğŸ¿,B_police5,0
ğŸ‘·,B_safety,0
ğŸ‘·ğŸ»,B_safety1,0
ğŸ‘·ğŸ¼,B_safety2,0
ğŸ‘·ğŸ½,B_safety3,0
ğŸ‘·ğŸ¾,B_safety4,0
ğŸ‘·ğŸ¿,B_safety5,0
ğŸ’‚,B_russian,0
ğŸ’‚ğŸ»,B_russian1,0
ğŸ’‚ğŸ¼,B_russian2,0
ğŸ’‚ğŸ½,B_russian3,0
ğŸ’‚ğŸ¾,B_russian4,0
ğŸ’‚ğŸ¿,B_russian5,0
ğŸ‘¶,B_baby,0
ğŸ‘¶ğŸ»,B_baby1,0
ğŸ‘¶ğŸ¼,B_baby2,0
ğŸ‘¶ğŸ½,B_baby3,0
ğŸ‘¶ğŸ¾,B_baby4,0
ğŸ‘¶ğŸ¿,B_baby5,0
ğŸ‘¦,B_boy,0
ğŸ‘¦ğŸ»,B_boy1,0
ğŸ‘¦ğŸ¼,B_boy2,0
ğŸ‘¦ğŸ½,B_boy3,0
ğŸ‘¦ğŸ¾,B_boy4,0
ğŸ‘¦ğŸ¿,B_boy5,0
ğŸ‘§,B_girl,0
ğŸ‘§ğŸ»,B_girl1,0
ğŸ‘§ğŸ¼,B_girl2,0
ğŸ‘§ğŸ½,B_girl3,0
ğŸ‘§ğŸ¾,B_girl4,0
ğŸ‘§ğŸ¿,B_girl5,0
ğŸ‘¨,B_man,0
ğŸ‘¨ğŸ»,B_man1,0
ğŸ‘¨ğŸ¼,B_man2,0
ğŸ‘¨ğŸ½,B_man3,0
ğŸ‘¨ğŸ¾,B_man4,0
ğŸ‘¨ğŸ¿,B_man5,0
ğŸ‘©,B_woman,0
ğŸ‘©ğŸ»,B_woman1,0
ğŸ‘©ğŸ¼,B_woman2,0
ğŸ‘©ğŸ½,B_woman3,0
ğŸ‘©ğŸ¾,B_woman4,0
ğŸ‘©ğŸ¿,B_woman5,0
ğŸ‘´,B_grandpa,0
ğŸ‘´ğŸ»,B_grandpa1,0
ğŸ‘´ğŸ¼,B_grandpa2,0
ğŸ‘´ğŸ½,B_grandpa3,0
ğŸ‘´ğŸ¾,B_grandpa4,0
ğŸ‘´ğŸ¿,B_grandpa5,0
ğŸ‘µ,B_grandma,0
ğŸ‘µğŸ»,B_grandma1,0
ğŸ‘µğŸ¼,B_grandma2,0
ğŸ‘µğŸ½,B_grandma3,0
ğŸ‘µğŸ¾,B_grandma4,0
ğŸ‘µğŸ¿,B_grandma5,0
ğŸ‘±,B_blonde,0
ğŸ‘±ğŸ»,B_blonde1,0
ğŸ‘±ğŸ¼,B_blonde2,0
ğŸ‘±ğŸ½,B_blonde3,0
ğŸ‘±ğŸ¾,B_blonde4,0
ğŸ‘±ğŸ¿,B_blonde5,0
ğŸ‘¼,B_angel,0
ğŸ‘¼ğŸ»,B_angel1,0
ğŸ‘¼ğŸ¼,B_angel2,0
ğŸ‘¼ğŸ½,B_angel3,0
ğŸ‘¼ğŸ¾,B_angel4,0
ğŸ‘¼ğŸ¿,B_angel5,0
ğŸ‘¸,B_princess,0
ğŸ‘¸ğŸ»,B_princess1,0
ğŸ‘¸ğŸ¼,B_princess2,0
ğŸ‘¸ğŸ½,B_princess3,0
ğŸ‘¸ğŸ¾,B_princess4,0
ğŸ‘¸ğŸ¿,B_princess5,0
ğŸ˜º,C_smile1,9
ğŸ˜¸,C_smile2,9
ğŸ˜»,C_hearteyes,9
ğŸ˜½,C_kiss,9
ğŸ˜¼,C_angry,-9
ğŸ™€,C_shocked,0
ğŸ˜¿,C_sad1,-9
ğŸ˜¹,C_sad2,-9
ğŸ˜¾,C_side1,0
ğŸ‘¹,C_redmask,0
ğŸ‘º,C_redmask2,0
ğŸ™ˆ,C_seeno,0
ğŸ™‰,C_hearno,0
ğŸ™Š,C_speakno,0
ğŸ’€,C_skull,-9
ğŸ‘½,C_alien,0
ğŸ’©,D_poop,-9
ğŸ”¥,D_fire,0
âœ¨,D_stars1,0
ğŸŒŸ,D_stars2,0
ğŸ’«,D_stars3,0
ğŸ’¥,D_firework,0
ğŸ’¢,D_flare,0
ğŸ’¦,D_water1,0
ğŸ’§,D_water2,0
ğŸ’¤,D_Zzz,0
ğŸ’¨,D_wind,0
ğŸ‘‚,D_ear,0
ğŸ‘‚ğŸ»,D_ear1,0
ğŸ‘‚ğŸ¼,D_ear2,0
ğŸ‘‚ğŸ½,D_ear3,0
ğŸ‘‚ğŸ¾,D_ear4,0
ğŸ‘‚ğŸ¿,D_ear5,0
ğŸ‘€,D_eyes,0
ğŸ‘ƒ,D_nose,0
ğŸ‘ƒğŸ»,D_nose1,0
ğŸ‘ƒğŸ¼,D_nose2,0
ğŸ‘ƒğŸ½,D_nose3,0
ğŸ‘ƒğŸ¾,D_nose4,0
ğŸ‘ƒğŸ¿,D_nose5,0
ğŸ‘…,D_tongue,0
ğŸ‘„,D_lips,9
ğŸ‘,D_thumbsup,9
ğŸ‘ğŸ»,D_thumbsup1,9
ğŸ‘ğŸ¼,D_thumbsup2,9
ğŸ‘ğŸ½,D_thumbsup3,9
ğŸ‘ğŸ¾,D_thumbsup4,9
ğŸ‘ğŸ¿,D_thumbsup5,9
ğŸ‘,D_thumbsdown,-9
ğŸ‘ğŸ»,D_thumbsdown1,-9
ğŸ‘ğŸ¼,D_thumbsdown2,-9
ğŸ‘ğŸ½,D_thumbsdown3,-9
ğŸ‘ğŸ¾,D_thumbsdown4,-9
ğŸ‘ğŸ¿,D_thumbsdown5,-9
ğŸ‘Œ,D_ok,0
ğŸ‘ŒğŸ»,D_ok1,0
ğŸ‘ŒğŸ¼,D_ok2,0
ğŸ‘ŒğŸ½,D_ok3,0
ğŸ‘ŒğŸ¾,D_ok4,0
ğŸ‘ŒğŸ¿,D_ok5,0
ğŸ‘Š,D_pound,0
ğŸ‘ŠğŸ»,D_pound1,0
ğŸ‘ŠğŸ¼,D_pound2,0
ğŸ‘ŠğŸ½,D_pound3,0
ğŸ‘ŠğŸ¾,D_pound4,0
ğŸ‘ŠğŸ¿,D_pound5,0
âœŠ,D_power,0
âœŠğŸ»,D_power1,0
âœŠğŸ¼,D_power2,0
âœŠğŸ½,D_power3,0
âœŠğŸ¾,D_power4,0
âœŠğŸ¿,D_power5,0
âœŒï¸,D_victory,9
âœŒğŸ»,D_victory1,9
âœŒğŸ¼,D_victory2,9
âœŒğŸ½,D_victory3,9
âœŒğŸ¾,D_victory4,9
âœŒğŸ¿,D_victory5,9
ğŸ‘‹,D_wave,0
ğŸ‘‹ğŸ»,D_wave1,0
ğŸ‘‹ğŸ¼,D_wave2,0
ğŸ‘‹ğŸ½,D_wave3,0
ğŸ‘‹ğŸ¾,D_wave4,0
ğŸ‘‹ğŸ¿,D_wave5,0
âœ‹,D_raise,0
âœ‹ğŸ»,D_raise1,0
âœ‹ğŸ¼,D_raise2,0
âœ‹ğŸ½,D_raise3,0
âœ‹ğŸ¾,D_raise4,0
âœ‹ğŸ¿,D_raise5,0
ğŸ‘,D_W,0
ğŸ‘ğŸ»,D_W1,0
ğŸ‘ğŸ¼,D_W2,0
ğŸ‘ğŸ½,D_W3,0
ğŸ‘ğŸ¾,D_W4,0
ğŸ‘ğŸ¿,D_W5,0
ğŸ‘†,D_pointup,0
ğŸ‘†ğŸ»,D_pointup1,0
ğŸ‘†ğŸ¼,D_pointup2,0
ğŸ‘†ğŸ½,D_pointup3,0
ğŸ‘†ğŸ¾,D_pointup4,0
ğŸ‘†ğŸ¿,D_pointup5,0
ğŸ‘‡,D_pointdown,0
ğŸ‘‡ğŸ»,D_pointdown1,0
ğŸ‘‡ğŸ¼,D_pointdown2,0
ğŸ‘‡ğŸ½,D_pointdown3,0
ğŸ‘‡ğŸ¾,D_pointdown4,0
ğŸ‘‡ğŸ¿,D_pointdown5,0
ğŸ‘‰,D_pointright,0
ğŸ‘‰ğŸ»,D_pointright1,0
ğŸ‘‰ğŸ¼,D_pointright2,0
ğŸ‘‰ğŸ½,D_pointright3,0
ğŸ‘‰ğŸ¾,D_pointright4,0
ğŸ‘‰ğŸ¿,D_pointright5,0
ğŸ‘ˆ,D_pointleft,0
ğŸ‘ˆğŸ»,D_pointleft1,0
ğŸ‘ˆğŸ¼,D_pointleft2,0
ğŸ‘ˆğŸ½,D_pointleft3,0
ğŸ‘ˆğŸ¾,D_pointleft4,0
ğŸ‘ˆğŸ¿,D_pointleft5,0
ğŸ™Œ,D_td,0
ğŸ™ŒğŸ»,D_td1,0
ğŸ™ŒğŸ¼,D_td2,0
ğŸ™ŒğŸ½,D_td3,0
ğŸ™ŒğŸ¾,D_td4,0
ğŸ™ŒğŸ¿,D_td5,0
ğŸ™,D_prayer,0
ğŸ™ğŸ»,D_prayer1,0
ğŸ™ğŸ¼,D_prayer2,0
ğŸ™ğŸ½,D_prayer3,0
ğŸ™ğŸ¾,D_prayer4,0
ğŸ™ğŸ¿,D_prayer5,0
â˜ï¸,D_number,0
â˜ğŸ»,D_number1,0
â˜ğŸ¼,D_number2,0
â˜ğŸ½,D_number3,0
â˜ğŸ¾,D_number4,0
â˜ğŸ¿,D_number5,0
ğŸ‘,D_clap,0
ğŸ‘ğŸ»,D_clap1,0
ğŸ‘ğŸ¼,D_clap2,0
ğŸ‘ğŸ½,D_clap3,0
ğŸ‘ğŸ¾,D_clap4,0
ğŸ‘ğŸ¿,D_clap5,0
ğŸ’ª,D_bicep,0
ğŸ’ªğŸ»,D_bicep1,0
ğŸ’ªğŸ¼,D_bicep2,0
ğŸ’ªğŸ½,D_bicep3,0
ğŸ’ªğŸ¾,D_bicep4,0
ğŸ’ªğŸ¿,D_bicep5,0
ğŸš¶,E_walk,0
ğŸš¶ğŸ»,E_walk1,0
ğŸš¶ğŸ¼,E_walk2,0
ğŸš¶ğŸ½,E_walk3,0
ğŸš¶ğŸ¾,E_walk4,0
ğŸš¶ğŸ¿,E_walk5,0
ğŸƒ,E_run,0
ğŸƒğŸ»,E_run1,0
ğŸƒğŸ¼,E_run2,0
ğŸƒğŸ½,E_run3,0
ğŸƒğŸ¾,E_run4,0
ğŸƒğŸ¿,E_run5,0
ğŸ’ƒ,E_salsa,0
ğŸ’ƒğŸ»,E_salsa1,0
ğŸ’ƒğŸ¼,E_salsa2,0
ğŸ’ƒğŸ½,E_salsa3,0
ğŸ’ƒğŸ¾,E_salsa4,0
ğŸ’ƒğŸ¿,E_salsa5,0
ğŸ‘«,E_couple,0
ğŸ‘ª,E_family,0
ğŸ‘¨â€ğŸ‘©â€ğŸ‘§,E_family1,0
ğŸ‘¨â€ğŸ‘©â€ğŸ‘§â€ğŸ‘¦,E_family2,0
ğŸ‘¨â€ğŸ‘©â€ğŸ‘¦â€ğŸ‘¦,E_family3,0
ğŸ‘¨â€ğŸ‘©â€ğŸ‘§â€ğŸ‘§,E_family4,0
ğŸ‘©â€ğŸ‘©â€ğŸ‘¦,E_family5,0
ğŸ‘©â€ğŸ‘©â€ğŸ‘§,E_family6,0
ğŸ‘©â€ğŸ‘©â€ğŸ‘§â€ğŸ‘¦,E_family7,0
ğŸ‘©â€ğŸ‘©â€ğŸ‘¦â€ğŸ‘¦,E_family8,0
ğŸ‘©â€ğŸ‘©â€ğŸ‘§â€ğŸ‘§,E_family9,0
ğŸ‘¨â€ğŸ‘¨â€ğŸ‘¦,E_family10,0
ğŸ‘¨â€ğŸ‘¨â€ğŸ‘§,E_family11,0
ğŸ‘¨â€ğŸ‘¨â€ğŸ‘§â€ğŸ‘¦,E_family12,0
ğŸ‘¨â€ğŸ‘¨â€ğŸ‘¦â€ğŸ‘¦,E_family13,0
ğŸ‘¨â€ğŸ‘¨â€ğŸ‘§â€ğŸ‘§,E_family14,0
ğŸ‘¬,E_men,0
ğŸ‘­,E_women,0
ğŸ’,E_coupleheart,9
ğŸ’‘,E_coupleheart2,9
ğŸ‘¯,E_dancers,0
ğŸ™†,E_O,0
ğŸ™†ğŸ»,E_O1,0
ğŸ™†ğŸ¼,E_O2,0
ğŸ™†ğŸ½,E_O3,0
ğŸ™†ğŸ¾,E_O4,0
ğŸ™†ğŸ¿,E_O5,0
ğŸ™…,E_X,0
ğŸ™…ğŸ»,E_X1,0
ğŸ™…ğŸ¼,E_X2,0
ğŸ™…ğŸ½,E_X3,0
ğŸ™…ğŸ¾,E_X4,0
ğŸ™…ğŸ¿,E_X5,0
ğŸ’,E_Chrissy,0
ğŸ’ğŸ»,E_Chrissy1,0
ğŸ’ğŸ¼,E_Chrissy2,0
ğŸ’ğŸ½,E_Chrissy3,0
ğŸ’ğŸ¾,E_Chrissy4,0
ğŸ’ğŸ¿,E_Chrissy5,0
ğŸ™‹,E_handraise,0
ğŸ™‹ğŸ»,E_handraise1,0
ğŸ™‹ğŸ¼,E_handraise2,0
ğŸ™‹ğŸ½,E_handraise3,0
ğŸ™‹ğŸ¾,E_handraise4,0
ğŸ™‹ğŸ¿,E_handraise5,0
ğŸ’†,E_washhair,0
ğŸ’†ğŸ»,E_washhair1,0
ğŸ’†ğŸ¼,E_washhair2,0
ğŸ’†ğŸ½,E_washhair3,0
ğŸ’†ğŸ¾,E_washhair4,0
ğŸ’†ğŸ¿,E_washhair5,0
ğŸ’‡,E_cuthair,0
ğŸ’‡ğŸ»,E_cuthair1,0
ğŸ’‡ğŸ¼,E_cuthair2,0
ğŸ’‡ğŸ½,E_cuthair3,0
ğŸ’‡ğŸ¾,E_cuthair4,0
ğŸ’‡ğŸ¿,E_cuthair5,0
ğŸ’…,E_nails,0
ğŸ’…ğŸ»,E_nails1,0
ğŸ’…ğŸ¼,E_nails2,0
ğŸ’…ğŸ½,E_nails3,0
ğŸ’…ğŸ¾,E_nails4,0
ğŸ’…ğŸ¿,E_nails5,0
ğŸ‘°,E_bride,0
ğŸ‘°ğŸ»,E_bride1,0
ğŸ‘°ğŸ¼,E_bride2,0
ğŸ‘°ğŸ½,E_bride3,0
ğŸ‘°ğŸ¾,E_bride4,0
ğŸ‘°ğŸ¿,E_bride5,0
ğŸ™,E_whistle,0
ğŸ™ğŸ»,E_whistle1,0
ğŸ™ğŸ¼,E_whistle2,0
ğŸ™ğŸ½,E_whistle3,0
ğŸ™ğŸ¾,E_whistle4,0
ğŸ™ğŸ¿,E_whistle5,0
ğŸ™,E_sad,0
ğŸ™ğŸ»,E_sad1,0
ğŸ™ğŸ¼,E_sad2,0
ğŸ™ğŸ½,E_sad3,0
ğŸ™ğŸ¾,E_sad4,0
ğŸ™ğŸ¿,E_sad5,0
ğŸ™‡,E_headdown,0
ğŸ™‡ğŸ»,E_headdown1,0
ğŸ™‡ğŸ¼,E_headdown2,0
ğŸ™‡ğŸ½,E_headdown3,0
ğŸ™‡ğŸ¾,E_headdown4,0
ğŸ™‡ğŸ¿,E_headdown5,0
ğŸ©,F_tophat,0
ğŸ‘‘,F_crown,0
ğŸ‘’,F_derbyhat,0
ğŸ‘Ÿ,F_whiteshoe,0
ğŸ‘,F_brownshoe,0
ğŸ‘¡,F_slipon,0
ğŸ‘ ,F_heel,0
ğŸ‘¢,F_boot,0
ğŸ‘•,F_polo,0
ğŸ‘”,F_shirttie,0
ğŸ‘š,F_blouse,0
ğŸ‘—,F_dress,0
ğŸ½,F_workout,0
ğŸ‘–,F_jeans,0
ğŸ‘˜,F_asian,0
ğŸ‘™,F_bikini,0
ğŸ’¼,F_brief,0
ğŸ‘œ,F_bag1,0
ğŸ‘,F_bag2,0
ğŸ‘›,F_bag3,0
ğŸ‘“,F_glasses,0
ğŸ€,F_bow,0
ğŸŒ‚,F_umbrella,0
ğŸ’„,F_lipstick,0
ğŸ’›,F_yellowheart,9
ğŸ’™,F_blueheart,9
ğŸ’œ,F_purpleheart,9
ğŸ’š,F_greenheart,9
â¤ï¸,F_redheart,9
ğŸ’”,F_brokenheart,9
ğŸ’—,F_growingheart,9
ğŸ’“,F_ringingheart,9
ğŸ’•,F_twohearts,9
ğŸ’–,F_sparkleheart,9
ğŸ’,F_revolvingheart,9
ğŸ’˜,F_cupidheart,9
ğŸ’Œ,F_letterheart,9
ğŸ’‹,F_lips,9
ğŸ’,F_ring,0
ğŸ’,F_diamond,0
ğŸ‘¤,F_user,0
ğŸ‘¥,F_user2,0
ğŸ’¬,F_message,0
ğŸ‘£,F_footprint,0
ğŸ’­,F_thought,0
ğŸ¶,G_dog,0
ğŸº,G_fox,0
ğŸ±,G_cat,0
ğŸ­,G_mouse1,0
ğŸ¹,G_mouse2,0
ğŸ°,G_rabbit,0
ğŸ¸,G_frog,0
ğŸ¯,G_tiger,0
ğŸ¨,G_koala,0
ğŸ»,G_bear,0
ğŸ·,G_pig1,0
ğŸ½,G_pig2,0
ğŸ®,G_cow,0
ğŸ—,G_warthog,0
ğŸµ,G_monkey1,0
ğŸ’,G_monkey2,0
ğŸ´,G_horse,0
ğŸ‘,G_sheep,0
ğŸ˜,G_elephant,0
ğŸ¼,G_panda,0
ğŸ§,G_penguin1,0
ğŸ¦,G_penguin2,0
ğŸ¤,G_chick1,0
ğŸ¥,G_chick2,0
ğŸ£,G_chick2,0
ğŸ”,G_chick2,0
ğŸ,G_snake,0
ğŸ¢,G_turtle,0
ğŸ›,G_caterpillar,0
ğŸ,G_bee,0
ğŸœ,G_ant,0
ğŸ,G_ladybug,0
ğŸŒ,G_snail,0
ğŸ™,G_octopus,0
ğŸš,G_shell,0
ğŸ ,G_fish1,0
ğŸŸ,G_fish2,0
ğŸ¬,G_dolphin,0
ğŸ³,G_whale1,0
ğŸ‹,H_whale1,0
ğŸ„,H_cow,0
ğŸ,H_sheep,0
ğŸ€,H_mouse,0
ğŸƒ,H_ox,0
ğŸ…,H_tiger,0
ğŸ‡,H_rabbit,0
ğŸ‰,H_dragon,0
ğŸ,H_horse,0
ğŸ,H_goat,0
ğŸ“,H_chicken,0
ğŸ•,H_dog,0
ğŸ–,H_pig,0
ğŸ,H_mouse2,0
ğŸ‚,H_bull,0
ğŸ²,H_dragon2,0
ğŸ¡,H_puffer,0
ğŸŠ,H_alligator,0
ğŸ«,H_camel1,0
ğŸª,H_camel2,0
ğŸ†,H_leopard,0
ğŸˆ,H_cat,0
ğŸ©,H_poodle,0
ğŸ¾,H_paw,0
ğŸ’,I_flower1,0
ğŸŒ¸,I_flower2,0
ğŸŒ·,I_flower3,0
ğŸ€,I_shamrock,0
ğŸŒ¹,I_flower4,0
ğŸŒ»,I_flower5,0
ğŸŒº,I_flower6,0
ğŸ,I_leaf1,0
ğŸƒ,I_leaf2,0
ğŸ‚,I_leaf3,0
ğŸŒ¿,I_leaf4,0
ğŸŒ¾,I_leaf5,0
ğŸ„,I_mushroom,0
ğŸŒµ,I_cactus,0
ğŸŒ´,I_palm,0
ğŸŒ²,I_evergreen,0
ğŸŒ³,I_tree,0
ğŸŒ°,I_acorn,0
ğŸŒ±,I_sprout,0
ğŸŒ¼,I_flower7,0
ğŸŒ,J_globe1,0
ğŸŒ,J_sun1,0
ğŸŒ,J_moonface,9
ğŸŒš,J_newface,0
ğŸŒ‘,J_moon1,0
ğŸŒ’,J_moon2,0
ğŸŒ“,J_moon3,0
ğŸŒ”,J_moon4,0
ğŸŒ•,J_moon5,0
ğŸŒ–,J_moon6,0
ğŸŒ—,J_moon7,0
ğŸŒ˜,J_moon8,0
ğŸŒœ,J_moon9,0
ğŸŒ›,J_moon10,0
ğŸŒ™,J_moon11,0
ğŸŒ,J_globe2,0
ğŸŒ,J_globe3,0
ğŸŒ,J_globe4,0
ğŸŒ‹,K_volcano,0
ğŸŒŒ,K_stars1,0
ğŸŒ ,K_stars2,0
â­ï¸,K_stars3,0
â˜€ï¸,K_weather1,0
â›…ï¸,K_weather2,0
â˜ï¸,K_weather3,0
âš¡ï¸,K_weather4,0
â˜”ï¸,K_weather5,0
â„ï¸,K_weather6,0
â›„ï¸,K_weather7,0
ğŸŒ€,K_spiral,0
ğŸŒ,K_mountain,0
ğŸŒˆ,K_rainbow,9
ğŸŒŠ,K_wave,0
ğŸ,L_pine,0
ğŸ’,L_heartbox,0
ğŸ,L_asian,0
ğŸ’,L_backpack,0
ğŸ“,L_graduation,0
ğŸ,L_windsock,0
ğŸ†,L_firework1,0
ğŸ‡,L_firework2,0
ğŸ,L_latern,0
ğŸ‘,L_wind,0
ğŸƒ,L_pumpkin,0
ğŸ‘»,L_ghost,0
ğŸ…,L_santa,0
ğŸ…ğŸ»,L_santa1,0
ğŸ…ğŸ¼,L_santa2,0
ğŸ…ğŸ½,L_santa3,0
ğŸ…ğŸ¾,L_santa4,0
ğŸ…ğŸ¿,L_santa5,0
ğŸ„,L_xmastree,0
ğŸ,L_gift,0
ğŸ‹,L_bamboo,0
ğŸ‰,L_party1,0
ğŸŠ,L_party2,0
ğŸˆ,L_balloon,9
ğŸŒ,L_flags,0
ğŸ”®,L_crystalball,0
ğŸ¥,L_camera1,0
ğŸ“·,L_camera2,0
ğŸ“¹,L_camera3,0
ğŸ“¼,L_tape,0
ğŸ’¿,L_cd1,0
ğŸ“€,L_cd2,0
ğŸ’½,L_cd3,0
ğŸ’¾,L_disk,0
ğŸ’»,L_computer,0
ğŸ“±,L_iphone,0
â˜ï¸,L_phone1,0
ğŸ“,L_phone2,0
ğŸ“Ÿ,L_pager,0
ğŸ“ ,L_fax,0
ğŸ“¡,L_microwave,0
ğŸ“º,L_tv,0
ğŸ“»,L_radio,0
ğŸ”Š,L_speaker1,0
ğŸ”‰,L_speaker2,0
ğŸ”ˆ,L_speaker3,0
ğŸ”‡,L_speaker4,0
ğŸ””,L_bell1,0
ğŸ”•,L_bell2,0
ğŸ“¢,L_speaker5,0
ğŸ“£,L_speaker6,0
â³,L_hourglass1,0
âŒ›ï¸,L_hourglass2,0
â°,L_clock1,0
âŒšï¸,L_clock2,0
ğŸ”“,L_lock1,0
ğŸ”’,L_lock2,0
ğŸ”,L_lock3,0
ğŸ”,L_lock4,0
ğŸ”‘,L_lock5,0
ğŸ”,L_magnify,0
ğŸ’¡,L_bulb,0
ğŸ”¦,L_flashlight,0
ğŸ”†,L_bright1,0
ğŸ”…,L_bright2,0
ğŸ”Œ,L_plug,0
ğŸ”‹,L_battery,0
ğŸ”,L_magnify2,0
ğŸ›,L_tub1,0
ğŸ›€,L_tub2,0
ğŸš¿,L_shower,0
ğŸš½,L_toilet,0
ğŸ”§,L_wrench,0
ğŸ”©,L_bolt,0
ğŸ”¨,L_hammer,0
ğŸšª,L_door,0
ğŸš¬,L_cigarette,0
ğŸ’£,L_bomb,0
ğŸ”«,L_gun,0
ğŸ”ª,L_knife,0
ğŸ’Š,L_pill,0
ğŸ’‰,L_needle,0
ğŸ’°,L_money1,0
ğŸ’´,L_money2,0
ğŸ’µ,L_money3,0
ğŸ’·,L_money4,0
ğŸ’¶,L_money5,0
ğŸ’³,L_money6,0
ğŸ’¸,L_money7,0
ğŸ“²,L_iphone2,0
ğŸ“§,L_letter1,0
ğŸ“¥,L_letter2,0
ğŸ“¤,L_letter3,0
âœ‰ï¸,L_letter4,0
ğŸ“©,L_letter5,0
ğŸ“¨,L_letter6,0
ğŸ“¯,L_horn,0
ğŸ“«,L_letter7,0
ğŸ“ª,L_letter8,0
ğŸ“¬,L_letter9,0
ğŸ“­,L_letter10,0
ğŸ“®,L_letter11,0
ğŸ“¦,L_letter12,0
ğŸ“,L_office1,0
ğŸ“„,L_office2,0
ğŸ“ƒ,L_office3,0
ğŸ“‘,L_office4,0
ğŸ“Š,L_office5,0
ğŸ“ˆ,L_office6,0
ğŸ“‰,L_office7,0
ğŸ“œ,L_office8,0
ğŸ“‹,L_office9,0
ğŸ“…,L_office10,0
ğŸ“†,L_office11,0
ğŸ“‡,L_office12,0
ğŸ“,L_office13,0
ğŸ“‚,L_office14,0
âœ‚ï¸,L_office15,0
ğŸ“Œ,L_office16,0
ğŸ“,L_office17,0
âœ’ï¸,L_office18,0
âœï¸,L_office19,0
ğŸ“,L_office20,0
ğŸ“,L_office21,0
ğŸ“•,L_book1,0
ğŸ“—,L_book2,0
ğŸ“˜,L_book3,0
ğŸ“™,L_book4,0
ğŸ““,L_book5,0
ğŸ“”,L_book6,0
ğŸ“’,L_book7,0
ğŸ“š,L_book8,0
ğŸ“–,L_book9,0
ğŸ”–,L_badge,0
ğŸ“›,L_badge2,0
ğŸ”¬,L_science1,0
ğŸ”­,L_science2,0
ğŸ“°,L_news,0
ğŸ¨,L_art,0
ğŸ¬,L_movie,0
ğŸ¤,L_mic,0
ğŸ§,L_earphone,0
ğŸ¼,L_music1,0
ğŸµ,L_music2,0
ğŸ¶,L_music3,0
ğŸ¹,L_music4,0
ğŸ»,L_music5,0
ğŸº,L_music6,0
ğŸ·,L_music7,0
ğŸ¸,L_music8,0
ğŸ‘¾,L_game1,0
ğŸ®,L_game2,0
ğŸƒ,L_game3,0
ğŸ´,L_game4,0
ğŸ€„ï¸,L_game5,0
ğŸ²,L_game6,0
ğŸ¯,L_game7,0
ğŸˆ,L_sport1,0
ğŸ€,L_sport2,0
âš½ï¸,L_sport3,0
âš¾ï¸,L_sport4,0
ğŸ¾,L_sport5,0
ğŸ±,L_sport6,0
ğŸ‰,L_sport7,0
ğŸ³,L_sport8,0
â›³ï¸,L_sport9,0
ğŸšµ,L_sport10,0
ğŸšµğŸ»,L_sport10_1,0
ğŸšµğŸ¼,L_sport10_2,0
ğŸšµğŸ½,L_sport10_3,0
ğŸšµğŸ¾,L_sport10_4,0
ğŸšµğŸ¿,L_sport10_5,0
ğŸš´,L_sport11,0
ğŸš´ğŸ»,L_sport11_1,0
ğŸš´ğŸ¼,L_sport11_2,0
ğŸš´ğŸ½,L_sport11_3,0
ğŸš´ğŸ¾,L_sport11_4,0
ğŸš´ğŸ¿,L_sport11_5,0
ğŸ,L_sport12,0
ğŸ‡,L_sport13,0
ğŸ‡ğŸ»,L_sport13_1,0
ğŸ‡ğŸ¼,L_sport13_2,0
ğŸ‡ğŸ½,L_sport13_3,0
ğŸ‡ğŸ¾,L_sport13_4,0
ğŸ‡ğŸ¿,L_sport13_5,0
ğŸ†,L_sport14,0
ğŸ¿,L_sport15,0
ğŸ‚,L_sport16,0
ğŸŠ,L_sport17,0
ğŸŠğŸ»,L_sport17_1,0
ğŸŠğŸ¼,L_sport17_2,0
ğŸŠğŸ½,L_sport17_3,0
ğŸŠğŸ¾,L_sport17_4,0
ğŸŠğŸ¿,L_sport17_5,0
ğŸ„,L_sport18,0
ğŸ„ğŸ»,L_sport18_1,0
ğŸ„ğŸ¼,L_sport18_2,0
ğŸ„ğŸ½,L_sport18_3,0
ğŸ„ğŸ¾,L_sport18_4,0
ğŸ„ğŸ¿,L_sport18_5,0
ğŸ£,L_sport19,0
â˜•ï¸,M_fooddrink1,0
ğŸµ,M_fooddrink2,0
ğŸ¶,M_fooddrink3,0
ğŸ¼,M_fooddrink4,0
ğŸº,M_fooddrink5,0
ğŸ»,M_fooddrink6,0
ğŸ¸,M_fooddrink7,0
ğŸ¹,M_fooddrink8,0
ğŸ·,M_fooddrink9,0
ğŸ´,M_fooddrink10,0
ğŸ•,M_fooddrink11,0
ğŸ”,M_fooddrink12,0
ğŸŸ,M_fooddrink13,0
ğŸ—,M_fooddrink14,0
ğŸ–,M_fooddrink15,0
ğŸ,M_fooddrink16,0
ğŸ›,M_fooddrink17,0
ğŸ¤,M_fooddrink18,0
ğŸ±,M_fooddrink19,0
ğŸ£,M_fooddrink20,0
ğŸ¥,M_fooddrink21,0
ğŸ™,M_fooddrink22,0
ğŸ˜,M_fooddrink23,0
ğŸš,M_fooddrink24,0
ğŸœ,M_fooddrink25,0
ğŸ²,M_fooddrink26,0
ğŸ¢,M_fooddrink27,0
ğŸ¡,M_fooddrink28,0
ğŸ³,M_fooddrink29,0
ğŸ,M_fooddrink30,0
ğŸ©,M_fooddrink31,0
ğŸ®,M_fooddrink32,0
ğŸ¦,M_fooddrink33,0
ğŸ¨,M_fooddrink34,0
ğŸ§,M_fooddrink35,0
ğŸ‚,M_fooddrink36,0
ğŸ°,M_fooddrink37,0
ğŸª,M_fooddrink38,0
ğŸ«,M_fooddrink39,0
ğŸ¬,M_fooddrink40,0
ğŸ­,M_fooddrink41,0
ğŸ¯,M_fooddrink42,0
ğŸ,M_fooddrink43,0
ğŸ,M_fooddrink44,0
ğŸŠ,M_fooddrink45,0
ğŸ‹,M_fooddrink46,0
ğŸ’,M_fooddrink47,0
ğŸ‡,M_fooddrink48,0
ğŸ‰,M_fooddrink49,0
ğŸ“,M_fooddrink50,0
ğŸ‘,M_fooddrink51,0
ğŸˆ,M_fooddrink52,0
ğŸŒ,M_fooddrink53,0
ğŸ,M_fooddrink54,0
ğŸ,M_fooddrink55,0
ğŸ ,M_fooddrink56,0
ğŸ†,M_fooddrink57,0
ğŸ…,M_fooddrink58,0
ğŸŒ½,M_fooddrink59,0
ğŸ ,N_building1,0
ğŸ¡,N_building2,0
ğŸ«,N_building3,0
ğŸ¢,N_building4,0
ğŸ£,N_building5,0
ğŸ¥,N_building6,0
ğŸ¦,N_building7,0
ğŸª,N_building8,0
ğŸ©,N_building9,0
ğŸ¨,N_building10,0
ğŸ’’,N_building11,0
â›ªï¸,N_building12,0
ğŸ¬,N_building13,0
ğŸ¤,N_building14,0
ğŸŒ‡,N_square1,0
ğŸŒ†,N_square2,0
ğŸ¯,N_square3,0
ğŸ°,N_square4,0
â›ºï¸,N_square5,0
ğŸ­,N_square6,0
ğŸ—¼,N_square7,0
ğŸ—¾,N_square8,0
ğŸ—»,N_square9,0
ğŸŒ„,N_square10,0
ğŸŒ…,N_square11,0
ğŸŒƒ,N_square12,0
ğŸ—½,N_square13,0
ğŸŒ‰,N_square14,0
ğŸ ,N_square15,0
ğŸ¡,N_square16,0
â›²ï¸,N_square17,0
ğŸ¢,N_square18,0
ğŸš¢,N_square19,0
â›µï¸,N_vehicle1,0
ğŸš¤,N_vehicle2,0
ğŸš£,N_vehicle3,0
âš“ï¸,N_vehicle4,0
ğŸš€,N_vehicle5,0
âœˆï¸,N_vehicle6,0
ğŸ’º,N_vehicle7,0
ğŸš,N_vehicle8,0
ğŸš‚,N_vehicle9,0
ğŸšŠ,N_vehicle10,0
ğŸš‰,N_vehicle11,0
ğŸš,N_vehicle12,0
ğŸš†,N_vehicle13,0
ğŸš„,N_vehicle14,0
ğŸš…,N_vehicle15,0
ğŸšˆ,N_vehicle16,0
ğŸš‡,N_vehicle17,0
ğŸš,N_vehicle18,0
ğŸš‹,N_vehicle19,0
ğŸšƒ,N_vehicle20,0
ğŸš,N_vehicle21,0
ğŸšŒ,N_vehicle22,0
ğŸš,N_vehicle23,0
ğŸš™,N_vehicle24,0
ğŸš˜,N_vehicle25,0
ğŸš—,N_vehicle26,0
ğŸš•,N_vehicle27,0
ğŸš–,N_vehicle28,0
ğŸš›,N_vehicle29,0
ğŸšš,N_vehicle30,0
ğŸš¨,N_vehicle31,0
ğŸš“,N_vehicle32,0
ğŸš”,N_vehicle33,0
ğŸš’,N_vehicle34,0
ğŸš‘,N_vehicle35,0
ğŸš,N_vehicle36,0
ğŸš²,N_vehicle37,0
ğŸš¡,N_vehicle38,0
ğŸšŸ,N_vehicle39,0
ğŸš ,N_vehicle40,0
ğŸšœ,N_vehicle41,0
ğŸ’ˆ,N_sign1,0
ğŸš,N_sign2,0
ğŸ«,N_sign3,0
ğŸš¦,N_sign4,0
ğŸš¥,N_sign5,0
âš ï¸,N_sign6,0
ğŸš§,N_sign7,0
ğŸ”°,N_sign8,0
â›½ï¸,N_sign9,0
ğŸ®,N_sign10,0
ğŸ°,N_sign11,0
â™¨ï¸,N_sign12,0
ğŸ—¿,N_sign13,0
ğŸª,N_sign14,0
ğŸ­,N_sign15,0
ğŸ“,N_sign16,0
ğŸš©,N_sign17,0
ğŸ‡¦ğŸ‡º,N_flag1,0
ğŸ‡¦ğŸ‡¹,N_flag2,0
ğŸ‡§ğŸ‡ª,N_flag3,0
ğŸ‡§ğŸ‡·,N_flag4,0
ğŸ‡¨ğŸ‡¦,N_flag5,0
ğŸ‡¨ğŸ‡±,N_flag6,0
ğŸ‡¨ğŸ‡³,N_flag7,0
ğŸ‡¨ğŸ‡´,N_flag8,0
ğŸ‡©ğŸ‡°,N_flag9,0
ğŸ‡«ğŸ‡®,N_flag10,0
ğŸ‡«ğŸ‡·,N_flag11,0
ğŸ‡©ğŸ‡ª,N_flag12,0
ğŸ‡­ğŸ‡°,N_flag13,0
ğŸ‡®ğŸ‡³,N_flag14,0
ğŸ‡®ğŸ‡©,N_flag15,0
ğŸ‡®ğŸ‡ª,N_flag16,0
ğŸ‡®ğŸ‡±,N_flag17,0
ğŸ‡®ğŸ‡¹,N_flag18,0
ğŸ‡¯ğŸ‡µ,N_flag19,0
ğŸ‡°ğŸ‡·,N_flag20,0
ğŸ‡²ğŸ‡´,N_flag21,0
ğŸ‡²ğŸ‡¾,N_flag22,0
ğŸ‡²ğŸ‡½,N_flag23,0
ğŸ‡³ğŸ‡±,N_flag24,0
ğŸ‡³ğŸ‡¿,N_flag25,0
ğŸ‡³ğŸ‡´,N_flag26,0
ğŸ‡µğŸ‡­,N_flag27,0
ğŸ‡µğŸ‡±,N_flag28,0
ğŸ‡µğŸ‡¹,N_flag29,0
ğŸ‡µğŸ‡·,N_flag30,0
ğŸ‡·ğŸ‡º,N_flag31,0
ğŸ‡¸ğŸ‡¦,N_flag32,0
ğŸ‡¸ğŸ‡¬,N_flag33,0
ğŸ‡¿ğŸ‡¦,N_flag34,0
ğŸ‡ªğŸ‡¸,N_flag35,0
ğŸ‡¸ğŸ‡ª,N_flag36,0
ğŸ‡¨ğŸ‡­,N_flag37,0
ğŸ‡¹ğŸ‡·,N_flag38,0
ğŸ‡¬ğŸ‡§,N_flag39,0
ğŸ‡ºğŸ‡¸,N_flag40,0
ğŸ‡¦ğŸ‡ª,N_flag41,0
ğŸ‡»ğŸ‡³,N_flag42,0
1ï¸âƒ£,O_1,0
2ï¸âƒ£,O_2,0
3ï¸âƒ£,O_3,0
4ï¸âƒ£,O_4,0
5ï¸âƒ£,O_5,0
6ï¸âƒ£,O_6,0
7ï¸âƒ£,O_7,0
8ï¸âƒ£,O_8,0
9ï¸âƒ£,O_9,0
0ï¸âƒ£,O_0,0
ğŸ”Ÿ,O_10,0
ğŸ”¢,O_1234,0
#ï¸âƒ£,O_pound,0
ğŸ”£,O_symbols,0
â¬†ï¸,O_up,0
â¬‡ï¸,O_down,0
â¬…ï¸,O_left,0
â¡ï¸,O_right,0
ğŸ” ,O_abcd1,0
ğŸ”¡,O_abcd2,0
ğŸ”¤,O_abc,0
â†—ï¸,O_upright,0
â†–ï¸,O_upleft,0
â†˜ï¸,O_downright,0
â†™ï¸,O_downleft,0
â†”ï¸,O_horiz,0
â†•ï¸,O_vertical,0
ğŸ”„,O_loop,0
â—€ï¸,O_lefttri,0
â–¶ï¸,O_righttri,0
ğŸ”¼,O_uptri,0
ğŸ”½,O_downtri,0
â†©ï¸,O_cueback,0
â†ªï¸,O_cueforward,0
â„¹ï¸,O_info,0
âª,O_rewind,0
â©,O_fastforward,0
â«,O_upforward,0
â¬,O_downforward,0
â¤µï¸,O_downward,0
â¤´ï¸,O_upward,0
ğŸ†—,O_ok,0
ğŸ”€,O_shuffle,0
ğŸ”,O_loop2,0
ğŸ”‚,O_looponce,0
ğŸ†•,O_new,0
ğŸ†™,O_upexcl,0
ğŸ†’,O_cool,0
ğŸ†“,O_free,0
ğŸ†–,O_ng,0
ğŸ“¶,O_bars,0
ğŸ¦,O_movie,0
ğŸˆ,P_asian1,0
ğŸˆ¯ï¸,P_asian2,0
ğŸˆ³,P_asian3,0
ğŸˆµ,P_asian4,0
ğŸˆ´,P_asian5,0
ğŸˆ²,P_asian6,0
ğŸ‰,P_asian7,0
ğŸˆ¹,P_asian8,0
ğŸˆº,P_asian9,0
ğŸˆšï¸,P_asian10,0
ğŸš»,P_menwomen,0
ğŸš¹,P_men,0
ğŸšº,P_women,0
ğŸš¼,P_baby,0
ğŸš¾,P_wc,0
ğŸš°,P_water,0
ğŸš®,P_trash,0
ğŸ…¿ï¸,P_parking,0
â™¿ï¸,P_handicap,0
ğŸš­,P_nosmoking,0
ğŸˆ·,P_asian11,0
ğŸˆ¸,P_asian12,0
ğŸˆ‚,P_asian13,0
â“‚ï¸,P_metro,0
ğŸ›‚,P_service,0
ğŸ›„,P_baggage,0
ğŸ›…,P_lockedbaggage,0
ğŸ›ƒ,P_service2,0
ğŸ‰‘,P_asian14,0
ãŠ™ï¸,P_asian15,0
ãŠ—ï¸,P_asian16,0
ğŸ†‘,P_cl,0
ğŸ†˜,P_sos,0
ğŸ†”,P_id,0
ğŸš«,R_no,0
ğŸ”,R_18,0
ğŸ“µ,R_cell,0
ğŸš¯,R_litter,0
ğŸš±,R_water,0
ğŸš³,R_bike,0
ğŸš·,R_walk,0
ğŸš¸,R_child,0
â›”ï¸,R_enter,0
âœ³ï¸,R_star1,0
â‡ï¸,R_star2,0
â,R_x,0
âœ…,R_check,0
âœ´ï¸,R_star3,0
ğŸ’Ÿ,R_heart,0
ğŸ†š,R_vs,0
ğŸ“³,R_phoneheart,0
ğŸ“´,R_phoneoff,0
ğŸ…°,R_a,0
ğŸ…±,R_b,0
ğŸ†,R_ab,0
ğŸ…¾,R_o,0
ğŸ’ ,R_diamond,0
â¿,R_twoloops,0
â™»ï¸,R_recycle,0
â™ˆï¸,R_zodiac1,0
â™‰ï¸,R_zodiac2,0
â™Šï¸,R_zodiac3,0
â™‹ï¸,R_zodiac4,0
â™Œï¸,R_zodiac5,0
â™ï¸,R_zodiac6,0
â™ï¸,R_zodiac7,0
â™ï¸,R_zodiac8,0
â™ï¸,R_zodiac9,0
â™‘ï¸,R_zodiac10,0
â™’ï¸,R_zodiac11,0
â™“ï¸,R_zodiac12,0
â›,R_zodiac13,0
ğŸ”¯,R_zodiac14,0
ğŸ§,R_atm,0
ğŸ’¹,R_yen,0
ğŸ’²,S_dollar,0
ğŸ’±,S_money,0
Â©,S_copyright,0
Â®,S_register,0
â„¢,S_tm,0
âŒ,S_x,0
â€¼ï¸,S_doubleexcl,0
â‰ï¸,S_exclquestion,0
â—ï¸,S_excl,0
â“,S_question,0
â•,S_grayexcl,0
â”,S_grayquestion,0
â­•ï¸,S_o,0
ğŸ”,S_top,0
ğŸ”š,S_end,0
ğŸ”™,S_back,0
ğŸ”›,S_on,0
ğŸ”œ,S_soon,0
ğŸ”ƒ,S_loop,0
ğŸ•›,T_time1,0
ğŸ•§,T_time2,0
ğŸ•,T_time3,0
ğŸ•œ,T_time4,0
ğŸ•‘,T_time5,0
ğŸ•,T_time6,0
ğŸ•’,T_time7,0
ğŸ•,T_time8,0
ğŸ•“,T_time9,0
ğŸ•Ÿ,T_time10,0
ğŸ•”,T_time11,0
ğŸ• ,T_time12,0
ğŸ••,T_time13,0
ğŸ•–,T_time14,0
ğŸ•—,T_time15,0
ğŸ•˜,T_time16,0
ğŸ•™,T_time17,0
ğŸ•š,T_time18,0
ğŸ•¡,T_time19,0
ğŸ•¢,T_time20,0
ğŸ•£,T_time21,0
ğŸ•¤,T_time22,0
ğŸ•¥,T_time23,0
ğŸ•¦,T_time24,0
âœ–ï¸,T_math1,0
â•,T_math2,0
â–,T_math3,0
â—,T_math4,0
â™ ï¸,T_card1,0
â™¥ï¸,T_card2,0
â™£ï¸,T_card3,0
â™¦ï¸,T_card4,0
ğŸ’®,T_card5,0
ğŸ’¯,T_card6,0
âœ”ï¸,T_check1,0
â˜‘ï¸,T_check2,0
ğŸ”˜,T_radio,0
ğŸ”—,T_paperclip,0
â°,T_loop,0
ã€°,T_wiggle1,0
ã€½ï¸,T_wiggle2,0
ğŸ”±,T_flourant,0
â—¼ï¸,T_button1,0
â—»ï¸,T_button2,0
â—¾ï¸,T_button3,0
â—½ï¸,T_button4,0
â–ªï¸,T_button5,0
â–«ï¸,T_button6,0
ğŸ”º,T_button7,0
ğŸ”²,T_button8,0
ğŸ”³,T_button9,0
âš«ï¸,T_button10,0
âšªï¸,T_button11,0
ğŸ”´,T_button12,0
ğŸ”µ,T_button13,0
ğŸ”»,T_button14,0
â¬œï¸,T_button15,0
â¬›ï¸,T_button16,0
ğŸ”¶,T_button17,0
ğŸ”·,T_button18,0
ğŸ”¸,T_button19,0
ğŸ”¹,T_button20,0
ğŸ––,Vulcan,0
ğŸ––ğŸ»,Vulcan1,0
ğŸ––ğŸ¼,Vulcan2,0
ğŸ––ğŸ½,Vulcan3,0
ğŸ––ğŸ¾,Vulcan4,0
ğŸ––ğŸ¿,Vulcan5,0
?,paloma,0
…,puntos,0
